{"cameraMode":{"drawMode":0,"name":"Shaded","section":"Shading Mode"},"sceneLighting":true,"audioPlay":false,"sceneViewState":{"showFog":false,"showMaterialUpdate":false,"showSkybox":false,"showFlares":false,"showImageEffects":false,"showParticleSystems":false},"in2DMode":false,"pivot":{"x":2.336139678955078,"y":-1.4821739196777344,"z":58.866432189941409},"rotation":{"x":-0.26860296726226809,"y":-0.4077779948711395,"z":0.12741631269454957,"w":-0.8634964823722839},"size":73.85169982910156,"orthographic":false}