{"cameraMode":{"drawMode":0,"name":"Shaded","section":"Shading Mode"},"sceneLighting":false,"audioPlay":false,"sceneViewState":{"showFog":false,"showMaterialUpdate":false,"showSkybox":false,"showFlares":false,"showImageEffects":false,"showParticleSystems":false},"in2DMode":false,"pivot":{"x":-3.5520544052124025,"y":2.840578556060791,"z":12.761602401733399},"rotation":{"x":0.20143850147724152,"y":0.11754146963357926,"z":-0.024304289370775224,"w":0.9721637964248657},"size":13.829520225524903,"orthographic":true}