{"cameraMode":{"drawMode":0,"name":"Shaded","section":"Shading Mode"},"sceneLighting":false,"audioPlay":false,"sceneViewState":{"showFog":false,"showMaterialUpdate":false,"showSkybox":false,"showFlares":false,"showImageEffects":false,"showParticleSystems":false},"in2DMode":false,"pivot":{"x":-5.52327823638916,"y":-1.2984181642532349,"z":-5.087320804595947},"rotation":{"x":-0.013229173608124257,"y":0.985293984413147,"z":-0.144692063331604,"w":-0.09010753035545349},"size":19.765625,"orthographic":false}