{"cameraMode":{"drawMode":0,"name":"Shaded","section":"Shading Mode"},"sceneLighting":false,"audioPlay":false,"sceneViewState":{"showFog":false,"showMaterialUpdate":false,"showSkybox":false,"showFlares":false,"showImageEffects":false,"showParticleSystems":false},"in2DMode":false,"pivot":{"x":-3.296780586242676,"y":-3.5231456756591799,"z":10.941231727600098},"rotation":{"x":0.3252570331096649,"y":0.05244274064898491,"z":-0.01806800812482834,"w":0.9440113306045532},"size":17.909250259399415,"orthographic":false}