{"cameraMode":{"drawMode":0,"name":"Shaded","section":"Shading Mode"},"sceneLighting":false,"audioPlay":false,"sceneViewState":{"showFog":false,"showMaterialUpdate":false,"showSkybox":false,"showFlares":false,"showImageEffects":false,"showParticleSystems":false},"in2DMode":false,"pivot":{"x":7.117194175720215,"y":-4.2335381507873539,"z":17.35920524597168},"rotation":{"x":0.14685580134391786,"y":0.4118405878543854,"z":-0.06743770837783814,"w":0.8968254327774048},"size":28.81251335144043,"orthographic":false}