{"cameraMode":{"drawMode":0,"name":"Shaded","section":"Shading Mode"},"sceneLighting":false,"audioPlay":false,"sceneViewState":{"showFog":false,"showMaterialUpdate":false,"showSkybox":false,"showFlares":false,"showImageEffects":false,"showParticleSystems":false},"in2DMode":false,"pivot":{"x":4.991375923156738,"y":-0.4075741767883301,"z":1.3915191888809205},"rotation":{"x":0.11776759475469589,"y":0.8397730588912964,"z":-0.20177990198135377,"w":0.4901232421398163},"size":13.153757095336914,"orthographic":false}